<?xml version="1.0" encoding="UTF-8" standalone="no"?><Data><coder><name>Chintan</name><languages><lang>java</lang></languages><days><day>Monday</day><day>Tuesday</day><day>Wednesday</day><day>Thrusday</day></days><FavouriteLang>java</FavouriteLang></coder><coder><name>chintu</name><languages><lang>java</lang><lang>c</lang><lang>scala</lang></languages><days><day>Monday</day><day>Tuesday</day><day>Wednesday</day><day>Thrusday</day><day>Friday</day><day>Saturday</day><day>Sunday</day></days><FavouriteLang>java</FavouriteLang></coder><coder><name>Maunil</name><languages><lang>java</lang><lang>c</lang><lang>c++</lang></languages><days><day>Monday</day><day>Tuesday</day><day>Wednesday</day></days><FavouriteLang>c</FavouriteLang></coder><coder><name>Test</name><languages><lang>libGDX</lang><lang>opa</lang></languages><days><day>Monday</day></days><FavouriteLang>c</FavouriteLang></coder><coder><name>Deepak</name><languages><lang>java</lang><lang>c</lang></languages><days><day>Monday</day></days><FavouriteLang>java</FavouriteLang></coder></Data>